# Ad Judgment - NORAM
Company,Ad,Brand Advertised,Costcutter,Innovator,Mercedes,Workhorse,Traveler
SWITCH,MOVE 2.1,MOVE 2.1.,49,43,39,54,57
SWITCH,MORPHEUS,MORPHEUS,51,44,48,59,55
CTTG,Expresso 3.0,Express 3.0,50,39,42,55,64
CTTG,ElevaTech 3.0,Elevatech 3.0,32,76,64,70,24
CTTG,TurboLiteV2,TurboLiteV2,80,34,36,71,61
HAJA Infinity,Work Future,HAJA Work 2.0,60,64,44,81,50
HAJA Infinity,H-Sky,HAJA Sky ♾️,38,53,56,64,77
HAJA Infinity,H-Innovating,HAJA Future,10,77,60,58,18
InnoByte,WrkSmartNotHard,WorkByte,71,65,68,84,72
InnoByte,InnovateWithUs,FutureByte,5,77,59,41,14
InnoByte,WeGonTravel,TravelByte,45,44,52,61,79
NovaTech Microsystems,Zenith Future,Zenith Future,30,69,64,67,33
NovaTech Microsystems,AXiS 2.0,Axis 2.0,59,44,43,59,61
NovaTech Microsystems,Pegasus,Pegasus,78,42,49,73,63
