# Ad Judgment - APAC
Company,Ad,Brand Advertised,Costcutter,Innovator,Mercedes,Workhorse,Traveler
SWITCH,MOVE 2.1,MOVE 2.1.,49,43,39,54,57
SWITCH,MORPHEUS,MORPHEUS,51,44,48,59,55
CTTG,Expresso 3.0,Express 3.0,50,39,42,55,64
CTTG,ElevaTech 3.0,Elevatech 3.0,32,76,64,70,24
CTTG,TurboLiteV2,TurboLiteV2,80,34,36,71,61
InnoByte,WrkSmartNotHard,WorkByte,71,65,68,84,72
InnoByte,InnovateWithUs,FutureByte,5,77,59,41,14
InnoByte,WeGonTravel,TravelByte,45,44,52,61,79
SysPro,TBMax,TBMax,53,65,51,71,49
SysPro,GCMax,GCMax,26,65,46,59,18
SysPro,CMax,CMax,81,43,44,75,68
