# Regional Advertising - EUROPE
Media,Company,Ad,Number of Inserts
General Business Magazine,SWITCH,MORPHEUS,1
General Business Magazine,HAJA Infinity,Work Future,2
General Business Magazine,InnoByte,WrkSmartNotHard,1
Computer Magazines       ,CTTG,ElevaTech 3.0,1
Computer Magazines       ,HAJA Infinity,H-Innovating,2
Computer Magazines       ,InnoByte,InnovateWithUs,1
Leading Trade Journals   ,CTTG,Expresso 3.0,1
Leading Trade Journals   ,CTTG,TurboLiteV2,1
Leading Trade Journals   ,HAJA Infinity,Work Future,2
Leading Trade Journals   ,HAJA Infinity,H-Sky,2
Leading Trade Journals   ,InnoByte,WeGonTravel,1
New Venture Magazines    ,SWITCH,MOVE 2.1,1
New Venture Magazines    ,CTTG,Expresso 3.0,1
New Venture Magazines    ,CTTG,ElevaTech 3.0,2
New Venture Magazines    ,HAJA Infinity,H-Sky,2
New Venture Magazines    ,HAJA Infinity,H-Innovating,2
New Venture Magazines    ,InnoByte,InnovateWithUs,1
New Venture Magazines    ,InnoByte,WeGonTravel,1
Sports Magazines         ,CTTG,Expresso 3.0,1
Sports Magazines         ,CTTG,TurboLiteV2,1
Sports Magazines         ,HAJA Infinity,Work Future,2
Sports Magazines         ,HAJA Infinity,H-Sky,2
Sports Magazines         ,InnoByte,WrkSmartNotHard,1
Science & Technology,HAJA Infinity,H-Innovating,2
