# Regional Advertising - APAC
Media,Company,Ad,Number of Inserts
General Business Magazine,SWITCH,MORPHEUS,1
General Business Magazine,InnoByte,WrkSmartNotHard,1
General Business Magazine,SysPro,TBMax,5
General Business Magazine,SysPro,CMax,3
Computer Magazines       ,CTTG,ElevaTech 3.0,1
Computer Magazines       ,InnoByte,InnovateWithUs,1
Computer Magazines       ,SysPro,GCMax,4
Leading Trade Journals   ,CTTG,Expresso 3.0,1
Leading Trade Journals   ,CTTG,TurboLiteV2,1
Leading Trade Journals   ,InnoByte,WeGonTravel,1
Leading Trade Journals   ,SysPro,TBMax,4
Leading Trade Journals   ,SysPro,CMax,3
New Venture Magazines    ,SWITCH,MOVE 2.1,1
New Venture Magazines    ,CTTG,Expresso 3.0,1
New Venture Magazines    ,CTTG,ElevaTech 3.0,2
New Venture Magazines    ,InnoByte,InnovateWithUs,1
New Venture Magazines    ,InnoByte,WeGonTravel,1
New Venture Magazines    ,SysPro,GCMax,5
Sports Magazines         ,CTTG,Expresso 3.0,1
Sports Magazines         ,CTTG,TurboLiteV2,1
Sports Magazines         ,InnoByte,WrkSmartNotHard,1
Sports Magazines         ,SysPro,TBMax,4
Sports Magazines         ,SysPro,CMax,5
Science & Technology,SysPro,GCMax,4
