# Regional Advertising - NORAM
Media,Company,Ad,Number of Inserts
Business Newspapers      ,NovaTech Microsystems,Pegasus,1
General Business Magazine,SWITCH,MORPHEUS,1
General Business Magazine,HAJA Infinity,Work Future,2
General Business Magazine,InnoByte,WrkSmartNotHard,1
General Business Magazine,NovaTech Microsystems,AXiS 2.0,1
General Business Magazine,NovaTech Microsystems,Pegasus,2
Computer Magazines       ,CTTG,ElevaTech 3.0,2
Computer Magazines       ,HAJA Infinity,H-Innovating,2
Computer Magazines       ,InnoByte,InnovateWithUs,1
Computer Magazines       ,NovaTech Microsystems,Zenith Future,2
General News Magazines   ,NovaTech Microsystems,AXiS 2.0,2
Leading Trade Journals   ,CTTG,Expresso 3.0,1
Leading Trade Journals   ,CTTG,TurboLiteV2,1
Leading Trade Journals   ,HAJA Infinity,Work Future,2
Leading Trade Journals   ,HAJA Infinity,H-Sky,2
Leading Trade Journals   ,InnoByte,WeGonTravel,1
Leading Trade Journals   ,NovaTech Microsystems,AXiS 2.0,2
Leading Trade Journals   ,NovaTech Microsystems,Pegasus,1
New Venture Magazines    ,SWITCH,MOVE 2.1,1
New Venture Magazines    ,CTTG,Expresso 3.0,1
New Venture Magazines    ,CTTG,ElevaTech 3.0,2
New Venture Magazines    ,HAJA Infinity,H-Sky,2
New Venture Magazines    ,HAJA Infinity,H-Innovating,2
New Venture Magazines    ,InnoByte,InnovateWithUs,1
New Venture Magazines    ,InnoByte,WeGonTravel,1
New Venture Magazines    ,NovaTech Microsystems,Zenith Future,3
New Venture Magazines    ,NovaTech Microsystems,AXiS 2.0,3
Sports Magazines         ,CTTG,Expresso 3.0,1
Sports Magazines         ,CTTG,TurboLiteV2,2
Sports Magazines         ,HAJA Infinity,Work Future,2
Sports Magazines         ,HAJA Infinity,H-Sky,2
Sports Magazines         ,InnoByte,WrkSmartNotHard,1
Sports Magazines         ,NovaTech Microsystems,AXiS 2.0,2
Sports Magazines         ,NovaTech Microsystems,Pegasus,2
Science & Technology,HAJA Infinity,H-Innovating,2
Science & Technology,NovaTech Microsystems,Zenith Future,2
