# Balance Sheet
Report Item,Quarter 1,Quarter 2,Quarter 3,Quarter 4,Quarter 5
Current Assets,,,,,
Cash,13680,8035.2,347697.583,252020.76109,1211789.93954
+ 3 Month Certificate of Deposit,912000,535680,0,0,0
+ Finished Goods Inventory,0,0,113717.2131,71740.02163,340414.51368
Long Term Assets,,,,,
+ Sinking Fund,0,0,0,0,0
+ Net Fixed Assets,0,1100000,1054166.66667,2109985.33333,4214306.83334
= Total Assets,925680,1643715.2,1515581.46277,2433746.11605,5766511.28656
Debt,,,,,
Conventional Bank Loan,0,0,0,0,2200000
+ Long-Term Loan,0,0,0,0,0
+ Emergency Loan,0,0,0,0,0
Equity,,,,,
+ Common Stock,1000000,2000000,3000000,4000000,9000000
+ Retained Earnings,-74320,-356284.8,-1484418.53723,-1566253.88395,-5433488.71345
= Total Debt and Equity,925680,1643715.2,1515581.46277,2433746.11605,5766511.28655
