# Brand Profitability
Report Item,Elevatech 3.0,Express 3.0,TurboLiteV2
Brand Revenues,6288200,3974100,1347150
- Rebates,0,99000,29260
- Cost of Goods Sold,2932261.00272,1655056.6217,682356.70946
= Gross Profit,3355938.99728,2220043.3783,635533.29054
Brand Design,60000,60000,60000
+ Ad Design,30000,30000,30000
+ Brand Advertising,131100,169487,205890
+ Point of Purchase Display,1200,1200,1200
= Expenses,222300,260687,297090
Brand Profit,3133638.99728,1959356.3783,338443.29054
Profit per Unit,1621,1412,440
% from Brand Revenues,50,49,25
