# Brand Judgment - NORAM
Company,Brand,Costcutter,Innovator,Mercedes,Workhorse,Traveler
SWITCH,MOVE 2.1.,29,49,8,37,78
SWITCH,MORPHEUS,55,59,36,77,33
CTTG,Elevatech 3.0,38,78,43,69,18
CTTG,Express 3.0,29,46,5,35,81
CTTG,TurboLiteV2,67,3,1,41,6
HAJA Infinity,HAJA Sky ♾️,25,44,3,33,78
HAJA Infinity,HAJA Work 2.0,55,62,38,78,30
HAJA Infinity,HAJA Future,33,78,46,64,14
InnoByte,HyperTech,65,44,22,68,25
InnoByte,NeonTech,65,1,1,41,7
InnoByte,WorkByte,55,62,38,78,30
InnoByte,FutureByte,29,78,49,62,10
InnoByte,TravelByte,29,46,5,35,81
NovaTech Microsystems,Zenith Future,33,78,46,64,14
NovaTech Microsystems,Axis 2.0,25,41,1,31,81
NovaTech Microsystems,Pegasus,23,47,1,35,71
