# Cash Flow
Report Item,Quarter 1,Quarter 2,Quarter 3,Quarter 4,Quarter 5
Beginning Cash Balance,0,13680,8035.2,347697.583,252020.76109
Receipts and Disbursements from Operating Activities,,,,,
Revenues,0,0,975210,4541830,11647298
- Rebates,0,0,9200,45200,128260
- Production,0,0,731370.94306,2058245.15737,5610088.84755
- Research and Development,0,120000,480000,400000,6138010
- Quality Costs,0,0,17733.27209,316435.25124,440317.51349
- Advertising,0,0,265493,419932,600077
- Sales Force Expense,0,0,118974,337855,809013
- Sales Office and Web Sales Center Expenses,0,170000,410240,771519,1164091
- Web Marketing Expenses,0,0,0,0,393220
- Marketing Research,88000,0,115000,115000,115000
- Shipping,0,0,11844.68054,64494.41113,194336.9593
- Inventory Holding Cost,0,0,11371.72131,7174.00216,34041.45137
- Excess Capacity Cost,0,0,0,0,0
- Income Taxes,0,0,0,0,0
+ Interest Income,13680,8035.2,0,0,0
- Interest Charges,0,0,0,0,65016.04985
+ Licensing Income,0,0,0,0,0
- Licensing Fees,0,0,0,0,0
+ Other Income,0,0,0,0,0
- Other Expenses,0,0,0,0,0
= Net Operating Cash Flow,-74320,-281965,-1196018,5975,-4044174
Investing Activities,,,,,
Fixed Production Capacity,0,1100000,0,1101652,2196057
+ Sinking Fund,0,0,0,0,0
= Total Investing Activities,0,1100000,0,1101652,2196057
Financing Activities,,,,,
Increase in Common Stock,1000000,1000000,1000000,1000000,5000000
+ Borrow Conventional Loan,0,0,0,0,2200000
- Repay Conventional Loan,0,0,0,0,0
+ Borrow Long-Term Loan,0,0,0,0,0
+ Borrow Emergency Loan,0,0,0,0,0
- Repay Emergency Loan,0,0,0,0,0
- Deposit 3 Month Certificate,912000,0,0,0,0
+ Withdraw 3 Month Certificate,0,376320,535680,0,0
- Dividends,0,0,0,0,0
= Total Financing Activities,88000,1376320,1535680,1000000,7200000
"Cash Balance, End of Period",13680,8035.2,347697.583,252020.76109,1211789.93954
