# Channel Profitability - NORAM
Report Item,Sales Offices,Web Sales Center
Sales Revenue,1810367.4683544,1223982.5316456
- Rebates,23149.029535865,15650.970464135
- Cost of Goods Sold,789236.89263102,533600.04904898
= Gross Margin,997981.54618754,674731.51213246
Sales Office Leases,74000,190000
+ Sales Force Expenses,120912,125274
+ Web Marketing Expenses,0,393220
= Channel Expenses,194912,708494
Channel Profit,803069.54618754,-33762.487867544
% from Sales Revenue,44.359477300899,-2.7584125585643
