# Competitors' Prices - NORAM
Brand,Company,Price,Rebate,Priority,Point of Purchase Display
MOVE 2.1.,SWITCH,3100,100,2,
MORPHEUS,SWITCH,2970,150,1,
Elevatech 3.0,CTTG,3400,0,1,X
Express 3.0,CTTG,3000,200,2,X
TurboLiteV2,CTTG,1850,100,3,X
HAJA Sky ♾️,HAJA Infinity,2900,130,3,X
HAJA Work 2.0,HAJA Infinity,2854,150,1,X
HAJA Future,HAJA Infinity,3499,100,2,X
HyperTech,InnoByte,2500,200,4,
NeonTech,InnoByte,2000,200,5,
WorkByte,InnoByte,3250,150,1,X
FutureByte,InnoByte,3900,150,3,
TravelByte,InnoByte,3650,150,2,X
Zenith Future,NovaTech Microsystems,3500,0,1,X
Axis 2.0,NovaTech Microsystems,3100,130,2,X
Pegasus,NovaTech Microsystems,3100,0,3,X
