# Selections are indicated using an "X".
Competitors' Brands,,,,,,,,,,,,,,,,,,,,,,,,,,,,,,,,,,
Brand,MOVE,MOVE 2,ONE,MOVE 2.1.,MORPHEUS,Express,ElevaTech,ELEVATECH 2.0,Express 2.0,Elevatech 3.0,Express 3.0,TurboLiteV2,HAJA Infinity,HAJA Infinity T,HAJA WorkCore,HAJA Titan,♾️ HAJA Beyond,HAJA Sky ♾️,HAJA Work 2.0,HAJA Future,HyperTech,NeonTech,WorkByte,FutureByte,TravelByte,TechBalancePro,GraphiCorePro,Cpro,GCMax,TBMax,CMax,Zenith Future,Axis 2.0,Pegasus
Company,SWITCH,SWITCH,SWITCH,SWITCH,SWITCH,CTTG,CTTG,CTTG,CTTG,CTTG,CTTG,CTTG,HAJA Infinity,HAJA Infinity,HAJA Infinity,HAJA Infinity,HAJA Infinity,HAJA Infinity,HAJA Infinity,HAJA Infinity,InnoByte,InnoByte,InnoByte,InnoByte,InnoByte,SysPro,SysPro,SysPro,SysPro,SysPro,SysPro,NovaTech Microsystems,NovaTech Microsystems,NovaTech Microsystems
Essentials,,,,,,,,,,,,,,,,,,,,,,,,,,,,,,,,,,
Base components,X,X,X,X,X,X,X,X,X,X,X,X,X,X,X,X,X,X,X,X,X,X,X,X,X,X,X,X,X,X,X,X,X,X
Case,,,,,,,,,,,,,,,,,,,,,,,,,,,,,,,,,,
Standard (desktop),Blank,Blank,X,Blank,X,Blank,X,X,Blank,X,Blank,X,Blank,Blank,X,Blank,X,Blank,X,X,X,X,X,X,Blank,X,X,X,X,X,X,X,Blank,Blank
Standard (laptop),X,X,Blank,X,Blank,X,Blank,Blank,X,Blank,X,Blank,X,X,Blank,X,Blank,X,Blank,Blank,Blank,Blank,Blank,Blank,X,Blank,Blank,Blank,Blank,Blank,Blank,Blank,X,X
Cloud storage,,,,,,,,,,,,,,,,,,,,,,,,,,,,,,,,,,
Standard,X,X,X,X,X,X,X,X,X,X,X,Blank,X,X,X,X,X,X,X,X,X,Blank,X,X,X,X,X,Blank,X,X,Blank,X,X,X
Hard drive,,,,,,,,,,,,,,,,,,,,,,,,,,,,,,,,,,
Standard,Blank,Blank,Blank,Blank,Blank,Blank,Blank,Blank,Blank,Blank,Blank,X,Blank,Blank,Blank,Blank,Blank,Blank,Blank,Blank,Blank,X,Blank,Blank,Blank,Blank,Blank,X,Blank,Blank,X,Blank,Blank,Blank
High capacity,X,Blank,Blank,Blank,Blank,X,Blank,Blank,Blank,Blank,Blank,Blank,X,Blank,Blank,Blank,Blank,Blank,Blank,Blank,Blank,Blank,Blank,Blank,Blank,Blank,Blank,Blank,Blank,Blank,Blank,Blank,Blank,Blank
Ultra capacity,Blank,X,X,X,X,Blank,X,X,X,X,X,Blank,Blank,X,X,X,X,X,X,X,X,Blank,X,X,X,X,X,Blank,X,X,Blank,X,X,X
Office software,,,,,,,,,,,,,,,,,,,,,,,,,,,,,,,,,,
Lite,Blank,Blank,Blank,Blank,Blank,Blank,Blank,Blank,Blank,Blank,Blank,X,Blank,Blank,Blank,Blank,Blank,Blank,Blank,Blank,Blank,Blank,Blank,Blank,Blank,Blank,Blank,X,Blank,Blank,Blank,Blank,Blank,Blank
Professional,X,X,X,X,X,X,X,X,X,X,X,Blank,X,X,X,X,X,X,X,X,X,X,X,X,X,X,X,Blank,X,X,X,X,X,X
Other software,,,,,,,,,,,,,,,,,,,,,,,,,,,,,,,,,,
Bus. graphics,X,X,X,X,X,X,Blank,X,X,X,X,Blank,X,Blank,X,X,X,X,X,X,X,Blank,X,X,X,X,X,X,X,X,X,X,X,X
Presentation,X,X,X,X,X,X,Blank,X,X,X,X,Blank,X,X,X,X,X,X,X,X,Blank,Blank,X,X,X,X,Blank,X,X,X,X,X,X,Blank
Database,X,X,X,X,X,X,X,X,X,X,X,X,X,X,X,X,X,X,X,X,X,Blank,X,X,X,Blank,X,Blank,X,X,Blank,X,X,X
Bookkeeping,Blank,Blank,Blank,X,X,Blank,Blank,Blank,X,X,X,X,X,Blank,X,Blank,Blank,X,X,Blank,X,X,X,X,X,X,X,X,X,X,X,Blank,X,X
Web design,X,X,X,Blank,X,Blank,X,X,Blank,X,Blank,Blank,Blank,X,X,X,X,Blank,X,X,X,Blank,X,X,Blank,X,X,Blank,X,X,Blank,X,Blank,X
Statistical,Blank,Blank,X,Blank,Blank,Blank,X,X,Blank,X,Blank,Blank,X,Blank,X,X,X,Blank,Blank,X,Blank,Blank,Blank,X,Blank,Blank,X,Blank,X,Blank,Blank,X,Blank,Blank
Engineering,Blank,Blank,X,Blank,Blank,Blank,X,X,Blank,X,Blank,Blank,Blank,Blank,Blank,Blank,X,Blank,Blank,X,Blank,Blank,Blank,X,Blank,Blank,X,Blank,X,Blank,Blank,X,Blank,Blank
Manufacturing,Blank,Blank,Blank,Blank,Blank,Blank,Blank,Blank,Blank,Blank,Blank,Blank,Blank,Blank,Blank,Blank,Blank,Blank,Blank,Blank,Blank,Blank,Blank,X,Blank,X,Blank,Blank,X,X,X,Blank,Blank,Blank
Games,Blank,Blank,Blank,X,Blank,Blank,X,Blank,Blank,X,X,Blank,Blank,Blank,Blank,Blank,X,X,Blank,Blank,Blank,Blank,Blank,Blank,X,Blank,Blank,Blank,X,Blank,Blank,Blank,X,Blank
Security suite,X,X,X,X,X,X,X,X,X,X,X,X,X,X,X,X,X,X,X,X,X,X,X,X,X,X,X,X,X,X,X,X,X,X
Monitor,,,,,,,,,,,,,,,,,,,,,,,,,,,,,,,,,,
"17"" standard (desktop)",Blank,Blank,Blank,Blank,Blank,Blank,Blank,Blank,Blank,Blank,Blank,X,Blank,Blank,Blank,Blank,Blank,Blank,Blank,Blank,Blank,Blank,Blank,Blank,Blank,Blank,Blank,X,Blank,Blank,Blank,Blank,Blank,Blank
"19"" standard (desktop)",Blank,Blank,Blank,Blank,Blank,Blank,Blank,Blank,Blank,Blank,Blank,Blank,Blank,Blank,Blank,Blank,Blank,Blank,Blank,Blank,Blank,X,Blank,Blank,Blank,X,Blank,Blank,Blank,Blank,X,Blank,Blank,Blank
"21"" high res. (desktop)",Blank,Blank,X,Blank,X,Blank,X,X,Blank,X,Blank,Blank,Blank,Blank,X,Blank,X,Blank,X,X,X,Blank,X,X,Blank,Blank,X,Blank,X,X,Blank,X,Blank,Blank
"14"" standard (laptop)",X,X,Blank,X,Blank,X,Blank,Blank,X,Blank,X,Blank,X,X,Blank,X,Blank,X,Blank,Blank,Blank,Blank,Blank,Blank,X,Blank,Blank,Blank,Blank,Blank,Blank,Blank,X,X
Computing power,,,,,,,,,,,,,,,,,,,,,,,,,,,,,,,,,,
Budget,Blank,Blank,Blank,Blank,Blank,Blank,Blank,Blank,Blank,Blank,Blank,X,Blank,Blank,Blank,Blank,Blank,Blank,Blank,Blank,Blank,X,Blank,Blank,Blank,Blank,Blank,X,Blank,Blank,X,Blank,Blank,Blank
Mid-range,Blank,Blank,Blank,Blank,Blank,Blank,Blank,Blank,Blank,Blank,Blank,Blank,X,X,Blank,Blank,Blank,Blank,Blank,Blank,Blank,Blank,Blank,Blank,Blank,X,Blank,Blank,Blank,Blank,Blank,Blank,Blank,Blank
High speed,X,X,X,X,X,X,X,X,X,X,X,Blank,Blank,Blank,X,X,X,X,X,X,X,Blank,X,X,X,Blank,X,Blank,X,X,Blank,X,X,X
Keyboard & mouse,,,,,,,,,,,,,,,,,,,,,,,,,,,,,,,,,,
Standard,X,X,X,X,Blank,X,Blank,Blank,X,Blank,X,X,Blank,X,Blank,X,Blank,X,Blank,Blank,X,X,Blank,Blank,X,X,Blank,X,Blank,Blank,X,Blank,X,X
Expanded,Blank,Blank,Blank,Blank,X,Blank,X,X,Blank,X,Blank,Blank,X,Blank,X,Blank,X,Blank,X,X,Blank,Blank,X,X,Blank,Blank,X,Blank,X,X,Blank,X,Blank,Blank
Special features,,,,,,,,,,,,,,,,,,,,,,,,,,,,,,,,,,
Expansion slots,Blank,Blank,X,X,Blank,Blank,X,X,Blank,X,Blank,Blank,Blank,X,X,X,X,X,X,X,Blank,Blank,X,X,Blank,Blank,X,Blank,X,X,Blank,X,Blank,Blank
Auto backup,Blank,X,X,X,X,X,X,X,X,X,X,X,X,X,X,X,X,Blank,X,X,X,X,X,X,X,X,X,Blank,X,X,X,X,Blank,X
Networking,,,,,,,,,,,,,,,,,,,,,,,,,,,,,,,,,,
Standard,X,X,X,X,X,X,X,X,X,X,X,X,X,X,X,X,X,X,X,X,X,X,X,X,X,X,X,X,X,X,X,X,X,X
Battery,,,,,,,,,,,,,,,,,,,,,,,,,,,,,,,,,,
Standard (laptop),X,X,Blank,X,Blank,X,Blank,Blank,X,Blank,X,Blank,X,X,Blank,X,Blank,X,Blank,Blank,Blank,Blank,Blank,Blank,X,Blank,Blank,Blank,Blank,Blank,Blank,Blank,X,X
Operating system,,,,,,,,,,,,,,,,,,,,,,,,,,,,,,,,,,
Basic edition,Blank,Blank,Blank,Blank,Blank,Blank,Blank,Blank,Blank,Blank,Blank,X,Blank,X,Blank,Blank,Blank,Blank,Blank,Blank,X,X,Blank,Blank,Blank,Blank,Blank,X,Blank,Blank,Blank,Blank,Blank,Blank
For professionals,X,X,X,X,X,X,X,X,X,X,X,Blank,X,Blank,X,X,X,X,X,X,Blank,Blank,X,X,X,X,X,Blank,X,X,X,X,X,X
