# Competitors' Ads
Company,SWITCH,SWITCH,CTTG,CTTG,CTTG,HAJA Infinity,HAJA Infinity,HAJA Infinity,InnoByte,InnoByte,InnoByte,SysPro,SysPro,SysPro,NovaTech Microsystems,NovaTech Microsystems,NovaTech Microsystems
Ad,MOVE 2.1,MORPHEUS,Expresso 3.0,ElevaTech 3.0,TurboLiteV2,Work Future,H-Sky,H-Innovating,WrkSmartNotHard,InnovateWithUs,WeGonTravel,TBMax,GCMax,CMax,Zenith Future,AXiS 2.0,Pegasus
Brand advertised,MOVE 2.1.,MORPHEUS,Express 3.0,Elevatech 3.0,TurboLiteV2,HAJA Work 2.0,HAJA Sky ♾️,HAJA Future,WorkByte,FutureByte,TravelByte,TBMax,GCMax,CMax,Zenith Future,Axis 2.0,Pegasus
Mention brand name                ,2,2,8,7,7,1,1,1,2,1,3,1,5,7,7,2,7
Rebate - special price deal,3,,1,,2,,,,,,,,,2,,1,
Does a wide variety of tasks        ,,,,,,5,,,,,,,,,,,
Most powerful PC on market ,,,,,,,,5,,2,,,,,1,,
Largest data storage on market,,5,,,,,5,,,,,,,,,,
New and improved brand,,,,,,,,,6,,6,2,,,,,
Local sales and support,9,6,7,,3,,,,7,,7,8,,6,,,4
Feature office applications,,1,4,,4,,,,,,,,7,3,,6,6
Engineering applications,,,,,,,,,,3,,,,,,,
Bookkeeping applications,7,7,,,5,,,,4,,,,,5,,,
Data management applications   ,,8,,,,2,,,,,,4,6,,,,
Presentation applications     ,,,2,,,,2,,,,5,,,,,,
Statistical applications,,,,4,,,,3,,5,,,4,,,,
Web design applications,,,,3,,,,2,,4,,,2,,6,,
"More secure (viruses, attacks)",4,4,,1,,3,4,,1,,,6,1,4,4,7,1
More reliable than average PC,,,6,2,,,,,,,,,,,,,
"Easy to use, simple design",5,,,,1,4,,,,,,,,1,,4,2
Easy on eyes with larger screen,,3,,,,,,,3,,,5,,,,,
"Work tiny detail, high resolution",,9,,5,,,,4,,,,,3,,2,,
Many bundled applications,8,,,,,,,,,,,,,,,,
Smart backup system,,,,6,,,,,,,,,,,5,,
Portable design,1,,5,,,,3,,,,4,,,,,3,
Link PCs with network/internet,6,,3,,,6,6,6,5,7,1,7,,,3,5,3
Picture business professionals    ,,,,,,7,,,,,,3,,,,,
Picture people in travel setting  ,,,,,,,7,,,,2,,,,,8,
Picture engineering setting       ,,,,,,,,7,,6,,,,,8,,
Picture office setting            ,,,,,6,,,,,,,,8,,,,5
