# Cumulative Results for Quarter 5
Indicator,Minimum,Maximum,Average,CTTG
Cumulative Total Performance,0.23401972248967,13.627109688294,3.409427258521,13.627109688294
Cumulative Financial Performance,8.1003233333333,33.722703333333,16.382284444444,33.722703333333
Cumulative Market Performance,0.11884,0.37004333333333,0.21410388888889,0.31406333333333
Cumulative Marketing Effectiveness,0.6325,0.7575,0.68763888888889,0.7575
Cumulative Investment in Future,5.17124,8.75058,7.3665816666667,6.78823
Cumulative Wealth,0.12692,0.57334,0.30715,0.39628
Cumulative Human Resource Management,0.74895333333333,0.79228333333333,0.765295,0.76806
Cumulative Asset Management,0.64634666666667,1.4667266666667,1.1362316666667,1.3958366666667
Cumulative Manufacturing Productivity,0.43004666666667,0.63411,0.51538222222222,0.63411
Cumulative Financial Risk,0.76667,0.92881333333333,0.864525,0.92881333333333
