# Demand by City
City,Costcutter,Innovator,Mercedes,Workhorse,Traveler,Total
Los Angeles,194,516,86,755,978,2529
Chicago,145,455,46,164,461,1271
Toronto,179,305,71,522,656,1733
Mexico City,17,103,14,51,159,344
Abu Dhabi,120,247,36,296,1,700
Accra,5,4,1,52,19,81
Cairo,82,163,20,224,67,556
Johannesburg,17,49,9,191,166,432
Santo Domingo,9,12,2,137,52,212
Santiago,11,15,2,192,69,289
Sao Paulo,222,345,65,758,651,2041
Paris,37,134,18,471,331,991
Warsaw,103,199,20,150,284,756
Moscow,12,98,10,143,116,379
London,13,102,14,179,142,450
Tokyo,220,846,80,483,753,2382
Mumbai,3,4,0,20,13,40
Shanghai,257,666,42,278,458,1701
Sydney,160,377,42,481,425,1485
