# Demand by Brand
Brand,Company,Costcutter,Innovator,Mercedes,Workhorse,Traveler,Total
MOVE 2.1.,SWITCH,0,62,0,25,1111,1198
MORPHEUS,SWITCH,155,185,38,1633,10,2021
Elevatech 3.0,CTTG,6,1423,126,454,0,2009
Express 3.0,CTTG,3,32,0,13,1912,1960
TurboLiteV2,CTTG,842,0,0,43,0,885
HAJA Sky ♾️,HAJA Infinity,0,26,0,10,844,880
HAJA Work 2.0,HAJA Infinity,117,150,20,951,1,1239
HAJA Future,HAJA Infinity,3,492,73,200,0,768
HyperTech,InnoByte,105,13,0,153,0,271
NeonTech,InnoByte,127,0,0,13,0,140
WorkByte,InnoByte,60,129,15,945,0,1149
FutureByte,InnoByte,0,443,103,107,0,653
TravelByte,InnoByte,0,23,0,10,1333,1366
Zenith Future,NovaTech Microsystems,3,380,74,144,0,601
Axis 2.0,NovaTech Microsystems,0,13,0,6,445,464
Pegasus,NovaTech Microsystems,0,21,0,8,142,171
GCMax,SysPro,2,1028,89,187,0,1306
TBMax,SysPro,31,220,40,585,3,879
CMax,SysPro,352,0,0,60,0,412
