# Detailed Brand Demand - LATAM
Brand,Company,City,Costcutter,Innovator,Mercedes,Workhorse,Traveler,Total
MOVE 2.1.,SWITCH,Santo Domingo,0,3,0,2,52,57
MORPHEUS,SWITCH,Santo Domingo,9,9,2,135,0,155
MOVE 2.1.,SWITCH,Santiago,0,4,0,3,68,75
MORPHEUS,SWITCH,Santiago,11,11,2,189,1,214
MOVE 2.1.,SWITCH,Sao Paulo,0,5,0,3,99,107
MORPHEUS,SWITCH,Sao Paulo,16,15,5,183,1,220
Elevatech 3.0,CTTG,Sao Paulo,1,120,19,53,0,193
Express 3.0,CTTG,Sao Paulo,0,3,0,2,206,211
TurboLiteV2,CTTG,Sao Paulo,163,0,0,7,0,170
HAJA Sky ♾️,HAJA Infinity,Sao Paulo,0,4,0,2,151,157
HAJA Work 2.0,HAJA Infinity,Sao Paulo,23,26,4,209,0,262
HAJA Future,HAJA Infinity,Sao Paulo,1,84,15,42,0,142
WorkByte,InnoByte,Sao Paulo,18,23,4,227,0,272
FutureByte,InnoByte,Sao Paulo,0,61,18,27,0,106
TravelByte,InnoByte,Sao Paulo,0,4,0,3,194,201
