# Detailed Brand Demand - NORAM
Brand,Company,City,Costcutter,Innovator,Mercedes,Workhorse,Traveler,Total
MOVE 2.1.,SWITCH,Los Angeles,0,9,0,3,156,168
MORPHEUS,SWITCH,Los Angeles,20,26,6,188,1,241
Elevatech 3.0,CTTG,Los Angeles,0,35,5,14,0,54
Express 3.0,CTTG,Los Angeles,0,1,0,0,49,50
TurboLiteV2,CTTG,Los Angeles,24,0,0,1,0,25
HAJA Sky ♾️,HAJA Infinity,Los Angeles,0,6,0,2,186,194
HAJA Work 2.0,HAJA Infinity,Los Angeles,26,39,5,180,1,251
HAJA Future,HAJA Infinity,Los Angeles,1,126,17,40,0,184
HyperTech,InnoByte,Los Angeles,52,8,0,82,0,142
NeonTech,InnoByte,Los Angeles,63,0,0,7,0,70
WorkByte,InnoByte,Los Angeles,7,26,3,181,0,217
FutureByte,InnoByte,Los Angeles,0,123,28,19,0,170
TravelByte,InnoByte,Los Angeles,0,4,0,2,442,448
Zenith Future,NovaTech Microsystems,Los Angeles,1,104,22,33,0,160
Axis 2.0,NovaTech Microsystems,Los Angeles,0,3,0,1,102,106
Pegasus,NovaTech Microsystems,Los Angeles,0,6,0,2,41,49
Elevatech 3.0,CTTG,Chicago,1,286,24,100,0,411
Express 3.0,CTTG,Chicago,1,6,0,3,278,288
TurboLiteV2,CTTG,Chicago,142,0,0,9,0,151
Zenith Future,NovaTech Microsystems,Chicago,1,149,22,48,0,220
Axis 2.0,NovaTech Microsystems,Chicago,0,6,0,2,145,153
Pegasus,NovaTech Microsystems,Chicago,0,8,0,2,38,48
Elevatech 3.0,CTTG,Toronto,0,23,5,14,0,42
Express 3.0,CTTG,Toronto,0,1,0,0,42,43
TurboLiteV2,CTTG,Toronto,25,0,0,1,0,26
HAJA Sky ♾️,HAJA Infinity,Toronto,0,5,0,2,158,165
HAJA Work 2.0,HAJA Infinity,Toronto,27,25,4,178,0,234
HAJA Future,HAJA Infinity,Toronto,1,83,15,40,0,139
HyperTech,InnoByte,Toronto,53,5,0,71,0,129
NeonTech,InnoByte,Toronto,64,0,0,6,0,70
WorkByte,InnoByte,Toronto,8,17,3,158,0,186
FutureByte,InnoByte,Toronto,0,81,25,16,0,122
TravelByte,InnoByte,Toronto,0,2,0,2,322,326
Zenith Future,NovaTech Microsystems,Toronto,1,58,19,31,0,109
Axis 2.0,NovaTech Microsystems,Toronto,0,2,0,1,97,100
Pegasus,NovaTech Microsystems,Toronto,0,3,0,2,37,42
Elevatech 3.0,CTTG,Mexico City,0,27,3,14,0,44
Express 3.0,CTTG,Mexico City,0,1,0,0,32,33
TurboLiteV2,CTTG,Mexico City,17,0,0,1,0,18
Zenith Future,NovaTech Microsystems,Mexico City,0,69,11,32,0,112
Axis 2.0,NovaTech Microsystems,Mexico City,0,2,0,2,101,105
Pegasus,NovaTech Microsystems,Mexico City,0,4,0,2,26,32
