# Detailed Brand Demand - APAC
Brand,Company,City,Costcutter,Innovator,Mercedes,Workhorse,Traveler,Total
MOVE 2.1.,SWITCH,Tokyo,0,13,0,3,267,283
MORPHEUS,SWITCH,Tokyo,23,38,7,180,2,250
Elevatech 3.0,CTTG,Tokyo,1,331,25,77,0,434
Express 3.0,CTTG,Tokyo,0,6,0,2,483,491
TurboLiteV2,CTTG,Tokyo,108,0,0,6,0,114
GCMax,SysPro,Tokyo,0,377,33,48,0,458
TBMax,SysPro,Tokyo,8,81,15,151,1,256
CMax,SysPro,Tokyo,80,0,0,16,0,96
MOVE 2.1.,SWITCH,Mumbai,0,1,0,0,13,14
MORPHEUS,SWITCH,Mumbai,3,3,0,20,0,26
MOVE 2.1.,SWITCH,Shanghai,0,1,0,0,18,19
MORPHEUS,SWITCH,Shanghai,3,4,0,14,0,21
Elevatech 3.0,CTTG,Shanghai,1,262,15,68,0,346
Express 3.0,CTTG,Shanghai,1,6,0,2,439,448
TurboLiteV2,CTTG,Shanghai,147,0,0,6,0,153
GCMax,SysPro,Shanghai,1,323,19,42,0,385
TBMax,SysPro,Shanghai,8,70,8,132,1,219
CMax,SysPro,Shanghai,96,0,0,14,0,110
MOVE 2.1.,SWITCH,Sydney,0,9,0,3,93,105
MORPHEUS,SWITCH,Sydney,24,27,5,187,1,244
Elevatech 3.0,CTTG,Sydney,1,198,18,67,0,284
Express 3.0,CTTG,Sydney,1,5,0,2,172,180
TurboLiteV2,CTTG,Sydney,122,0,0,6,0,128
WorkByte,InnoByte,Sydney,12,35,3,191,0,241
FutureByte,InnoByte,Sydney,0,96,16,23,0,135
TravelByte,InnoByte,Sydney,0,7,0,2,159,168
