# Detailed Brand Demand - MEA
Brand,Company,City,Costcutter,Innovator,Mercedes,Workhorse,Traveler,Total
GCMax,SysPro,Abu Dhabi,1,204,25,67,0,297
TBMax,SysPro,Abu Dhabi,9,43,11,208,1,272
CMax,SysPro,Abu Dhabi,110,0,0,21,0,131
MOVE 2.1.,SWITCH,Accra,0,1,0,1,19,21
MORPHEUS,SWITCH,Accra,5,3,1,51,0,60
MOVE 2.1.,SWITCH,Cairo,0,3,0,1,66,70
MORPHEUS,SWITCH,Cairo,10,10,2,90,1,113
GCMax,SysPro,Cairo,0,124,12,30,0,166
TBMax,SysPro,Cairo,6,26,6,94,0,132
CMax,SysPro,Cairo,66,0,0,9,0,75
MOVE 2.1.,SWITCH,Johannesburg,0,3,0,1,60,64
MORPHEUS,SWITCH,Johannesburg,9,8,2,85,1,105
WorkByte,InnoByte,Johannesburg,8,10,1,94,0,113
FutureByte,InnoByte,Johannesburg,0,26,6,10,0,42
TravelByte,InnoByte,Johannesburg,0,2,0,1,105,108
