# Detailed Brand Demand - EUROPE
Brand,Company,City,Costcutter,Innovator,Mercedes,Workhorse,Traveler,Total
MOVE 2.1.,SWITCH,Paris,0,10,0,5,200,215
MORPHEUS,SWITCH,Paris,22,31,6,311,2,372
HAJA Sky ♾️,HAJA Infinity,Paris,0,3,0,1,98,102
HAJA Work 2.0,HAJA Infinity,Paris,13,16,2,105,0,136
HAJA Future,HAJA Infinity,Paris,0,53,7,21,0,81
WorkByte,InnoByte,Paris,2,5,0,25,0,32
FutureByte,InnoByte,Paris,0,15,3,3,0,21
TravelByte,InnoByte,Paris,0,1,0,0,31,32
Elevatech 3.0,CTTG,Warsaw,1,141,12,47,0,201
Express 3.0,CTTG,Warsaw,0,3,0,2,211,216
TurboLiteV2,CTTG,Warsaw,94,0,0,6,0,100
HAJA Sky ♾️,HAJA Infinity,Warsaw,0,2,0,1,55,58
HAJA Work 2.0,HAJA Infinity,Warsaw,7,9,1,63,0,80
HAJA Future,HAJA Infinity,Warsaw,0,31,5,13,0,49
WorkByte,InnoByte,Warsaw,1,3,0,16,0,20
FutureByte,InnoByte,Warsaw,0,9,2,2,0,13
TravelByte,InnoByte,Warsaw,0,1,0,0,18,19
HAJA Sky ♾️,HAJA Infinity,Moscow,0,3,0,1,88,92
HAJA Work 2.0,HAJA Infinity,Moscow,10,17,2,96,0,125
HAJA Future,HAJA Infinity,Moscow,0,56,6,19,0,81
WorkByte,InnoByte,Moscow,2,5,0,24,0,31
FutureByte,InnoByte,Moscow,0,16,2,3,0,21
TravelByte,InnoByte,Moscow,0,1,0,0,28,29
HAJA Sky ♾️,HAJA Infinity,London,0,3,0,1,108,112
HAJA Work 2.0,HAJA Infinity,London,11,18,2,120,0,151
HAJA Future,HAJA Infinity,London,0,59,8,25,0,92
WorkByte,InnoByte,London,2,5,1,29,0,37
FutureByte,InnoByte,London,0,16,3,4,0,23
TravelByte,InnoByte,London,0,1,0,0,34,35
