# Income Statement
Report Item,Quarter 1,Quarter 2,Quarter 3,Quarter 4,Quarter 5
Gross Profit,,,,,
Revenues,0,0,975210,4541830,11647298
- Rebates,0,0,9200,45200,128260
- Cost of Goods Sold,0,0,617653.72996,2100222.34885,5341414.3555
= Gross Profit,0,0,348356,2396408,6177624
Expenses,,,,,
Research and Development,0,120000,480000,400000,6138010
+ Quality Costs,0,0,17733.27209,316435.25124,440317.51349
+ Advertising,0,0,265493,419932,600077
+ Sales Force Expense,0,0,118974,337855,809013
+ Sales Office and Web Sales Center Expenses,0,170000,410240,771519,1164091
+ Web Marketing Expenses,0,0,0,0,393220
+ Marketing Research,88000,0,115000,115000,115000
+ Shipping,0,0,11844.68054,64494.41113,194336.9593
+ Inventory Holding Cost,0,0,11371.72131,7174.00216,34041.45137
+ Excess Capacity Cost,0,0,0,0,0
+ Depreciation,0,0,45833.33333,45833.33333,91735.5
= Total Expenses,88000,290000,1476490,2478243,9979842
Operating Profit,-88000,-290000,-1128134,-81835,-3802219
Miscellaneous Income and Expenses,,,,,
+ Licensing Income,0,0,0,0,0
- Licensing Fees,0,0,0,0,0
+ Other Income,0,0,0,0,0
- Other Expenses,0,0,0,0,0
= Earnings Before Interest and Taxes,-88000,-290000,-1128134,-81835,-3802219
+ Interest Income,13680,8035.2,0,0,0
- Interest Charges,0,0,0,0,65016.04985
= Income Before Taxes,-74320,-281965,-1128134,-81835,-3867235
- Loss Carry Forward,0,0,0,0,0
= Taxable Income,0,0,0,0,0
- Income Taxes,0,0,0,0,0
= Net Income,-74320,-281964.8,-1128133.73723,-81835.34672,-3867234.8295
Earnings per Share,-7.432,-14.09824,-37.60446,-2.04588,-42.96928
