# Industry Results for Quarter 5
Indicator,Minimum,Maximum,Average,CTTG
Total Performance,0.55203,27.38272,8.876435,27.38272
Financial Performance,15.03798,53.84873,28.677241666,53.84873
Market Performance,0.09477,0.33704,0.184555,0.33704
Marketing Effectiveness,0.685,0.8175,0.749583333,0.74
Investment in Future,5.17124,8.75058,7.366581666,6.78823
Wealth,0.12692,0.57334,0.30715,0.39628
Human Resource Management,0.79234,0.83702,0.812311666,0.79825
Asset Management,0.81601,2.42611,1.698288333,1.86787
Manufacturing Productivity,0.30984,0.70577,0.594203333,0.64636
Financial Risk,0.55461,1,0.770545,0.78644
