# Price Judgment - LATAM
Company,Brand,Costcutter,Innovator,Mercedes,Workhorse,Traveler
SWITCH,MOVE 2.1.,66,100,100,97,100
SWITCH,MORPHEUS,74,100,100,100,100
CTTG,Elevatech 3.0,59,100,100,87,100
CTTG,Express 3.0,74,100,100,100,100
CTTG,TurboLiteV2,100,100,100,100,100
HAJA Infinity,HAJA Sky ♾️,70,100,100,100,100
HAJA Infinity,HAJA Work 2.0,76,100,100,100,100
HAJA Infinity,HAJA Future,61,100,100,90,100
InnoByte,WorkByte,71,100,100,100,100
InnoByte,FutureByte,59,100,100,88,100
InnoByte,TravelByte,62,100,100,92,100
