# Price Judgment - NORAM
Company,Brand,Costcutter,Innovator,Mercedes,Workhorse,Traveler
SWITCH,MOVE 2.1.,78,100,100,100,100
SWITCH,MORPHEUS,83,100,100,100,100
CTTG,Elevatech 3.0,68,100,100,93,100
CTTG,Express 3.0,85,100,100,100,100
CTTG,TurboLiteV2,100,100,100,100,100
HAJA Infinity,HAJA Sky ♾️,85,100,100,100,100
HAJA Infinity,HAJA Work 2.0,87,100,100,100,100
HAJA Infinity,HAJA Future,68,100,100,93,100
InnoByte,HyperTech,100,100,100,100,100
InnoByte,NeonTech,100,100,100,100,100
InnoByte,WorkByte,75,100,100,100,100
InnoByte,FutureByte,62,100,100,84,96
InnoByte,TravelByte,66,100,100,91,100
NovaTech Microsystems,Zenith Future,66,100,100,90,100
NovaTech Microsystems,Axis 2.0,79,100,100,100,100
NovaTech Microsystems,Pegasus,74,100,100,100,100
