# Price Judgment - EUROPE
Company,Brand,Costcutter,Innovator,Mercedes,Workhorse,Traveler
SWITCH,MOVE 2.1.,70,100,100,99,100
SWITCH,MORPHEUS,78,100,100,100,100
CTTG,Elevatech 3.0,61,100,100,86,97
CTTG,Express 3.0,71,100,100,99,100
CTTG,TurboLiteV2,100,100,100,100,100
HAJA Infinity,HAJA Sky ♾️,74,100,100,100,100
HAJA Infinity,HAJA Work 2.0,82,100,100,100,100
HAJA Infinity,HAJA Future,65,100,100,91,100
InnoByte,WorkByte,69,100,100,97,100
InnoByte,FutureByte,59,99,100,83,93
InnoByte,TravelByte,62,100,100,88,98
