# Sales - Total
Brand,Net Demand,Lost Sales Due to Stock-outs,Units Sold,Sales Revenue,Rebates,Cost of Goods Sold,Gross Margin
Express,0,0,0,0,0,0,0
ElevaTech,0,0,0,0,0,0,0
ELEVATECH 2.0,0,0,3,2811,0,4730.57904,-1919.57904
Express 2.0,0,0,51,35037,0,67009.44264,-31972.44264
Elevatech 3.0,2009,76,1933,6288200,0,2932261.00272,3355938.99728
Express 3.0,1960,572,1388,3974100,99000,1655056.6217,2220043.3783
TurboLiteV2,885,116,769,1347150,29260,682356.70946,635533.29054
Total,4854,764,4144,11647298,128260,5341414.35556,6177623.64444
