# Sales - Sales Office Channel
Brand,Net Demand,Lost Sales Due to Stock-outs,Units Sold,Sales Revenue,Rebates,Cost of Goods Sold,Gross Margin
Express,0,0,0,0,0,0,0
ElevaTech,0,0,0,0,0,0,0
ELEVATECH 2.0,0,0,0,0,0,0,0
Express 2.0,0,0,0,0,0,0,0
Elevatech 3.0,1787,68,1719,5560600,0,2607634.0732913,2952965.9267087
Express 3.0,1793,523,1270,3620100,87200,1514352.9607791,2018547.0392209
TurboLiteV2,796,104,692,1204700,25360,614032.30552325,565307.69447675
Total,4376,695,3681,10385400,112560,4736019.3395936,5536820.6604064
