# Competitors' Compensation for Sales Force - EUROPE
Company,Salary,Health Benefits,Vacation,Pension,Total Yearly Cost,Productivity
SWITCH,42000,9240,3643.4179048923,5880,60763.417904892,80.23093
CTTG,37500,8250,2082.5267116779,5625,53457.526711678,74.89385
HAJA Infinity,41339,9094.58,4920.9876472358,6200.85,61555.417647236,81.1988
InnoByte,42000,6300,3643.4179048923,6300,58243.417904892,77.84483
Average for all personal computer and electronics firms,38093,7039,2690,5803,53625,
Importance of further improvements,,,,,,
,88,90,77,75,,
