# Sales - Web Channel
Brand,Net Demand,Lost Sales Due to Stock-outs,Units Sold,Sales Revenue,Rebates,Cost of Goods Sold,Gross Margin
Express,0,0,0,0,0,0,0
ElevaTech,0,0,0,0,0,0,0
ELEVATECH 2.0,0,0,0,0,0,0,0
Express 2.0,0,0,0,0,0,0,0
Elevatech 3.0,222,8,214,727600,0,324626.92942872,402973.07057128
Express 3.0,167,49,118,354000,11800,140703.66092089,201496.33907911
TurboLiteV2,89,12,77,142450,3900,68324.403936754,70225.596063246
Total,478,69,409,1224050,15700,533654.99428636,674695.00571364
