# Competitors' Compensation for Sales Force - NORAM
Company,Salary,Health Benefits,Vacation,Pension,Total Yearly Cost,Productivity
SWITCH,42000,9240,3643.4179048923,3780,58663.417904892,81.47472
CTTG,41000,6150,3556.6698595377,4100,54806.669859538,80.00437
HAJA Infinity,41438,9116.36,4932.7725906809,4143.8,59630.932590681,83.03314
InnoByte,40000,8800,3469.9218141832,3600,55869.921814183,80.73409
NovaTech Microsystems,37000,8140,3209.6776781194,2590,50939.677678119,78.34871
Average for all personal computer and electronics firms,38512,6039,2195,3773,50519,
Importance of further improvements,,,,,,
,88,90,77,75,,
