# Competitors' Compensation for Sales Force - APAC
Company,Salary,Health Benefits,Vacation,Pension,Total Yearly Cost,Productivity
SWITCH,36100,7942,3131.6044373003,2888,50061.6044373,82.42083
CTTG,34500,7590,1915.9245747437,2760,46765.924574744,80.18028
InnoByte,35000,7700,3036.1815874103,2800,48536.18158741,81.85606
SysPro,34589,7609.58,4117.4687759801,2767.12,49083.16877598,83.19151
Average for all personal computer and electronics firms,33152,5079,1629,2710,42570,
Importance of further improvements,,,,,,
,88,90,77,75,,
