# Competitors' Compensation for Sales Force - LATAM
Company,Salary,Health Benefits,Vacation,Pension,Total Yearly Cost,Productivity
SWITCH,17400,3828,966.29239421854,870,23064.292394219,81.20596
CTTG,18000,2700,999.61282160539,900,22599.612821605,80.11741
HAJA Infinity,16741,3683.02,1992.8458405471,669.64,23086.505840547,83.27294
InnoByte,18000,2700,999.61282160539,900,22599.612821605,80.11741
Average for all personal computer and electronics firms,16364,2305,713,822,20204,
Importance of further improvements,,,,,,
,88,90,77,75,,
