# Segments By Application
Unspecified String item_column_name_11,Costcutter,Innovator,Mercedes,Workhorse,Traveler
Communications with other computers,112,121,121,120,124
Presentations,103,109,111,108,131
Word Processing,125,99,105,126,122
"Data management-accounts, inventory",109,116,113,119,109
Engineering/design,73,116,105,75,89
"Bookkeeping, budgeting",114,100,84,126,101
Manufacturing process control,69,102,132,88,72
Technical graphics,70,125,120,72,63
Computer aided design/manufacturing,38,104,120,64,33
Business graphics,93,108,102,110,114
Statistical analysis,59,124,111,90,68
Web design and management,69,125,88,115,58
