# Web Traffic Building Quarterly Budgets
,SWITCH,CTTG,HAJA Infinity,InnoByte,Average
Continuous upgrading of site to appeal to web crawlers that catalogue sites,16000,0,30000,20000,16500
Listing your site with major search engines,0,0,30000,20000,12500
Contract with major search engines to be listed under computer category from main page,0,40000,50000,40000,32500
Contract with major electronics web sites to be cross listed,40000,0,40000,0,20000
Contract with major search engines to be listed in their electronics store,0,72000,72000,0,36000
Contract with major search engines to show popup window ad if user fits customer profile,0,0,32000,0,8000
