# Web Productivity Quarterly Budgets
,SWITCH,CTTG,HAJA Infinity,InnoByte,Average
"Toll-free phone number for advising customers in the decision making process and for handling service
      calls
    ",8000,8000,8000,15000,9750
Secure web site to insure privacy in taking orders via credit cards,36000,36000,36000,36000,36000
Advanced shopping cart and checkout procedures to make it easier to shop and place orders,0,16000,16000,16000,12000
"Continuous upgrading of site to improve content, visual appeal and navigation",0,0,20000,0,5000
Order tracking software to allow customers and service reps to track orders/shipments,16000,0,16000,0,8000
